{"user":{"u_rt_types":["2","2","2","2","2","2","2","2","2","2","2","2","2"],"u_fr_clk_num_1d":0.0,"u_lofter_age":36,"o_os":"2","u_fr_rec_num_1d":0.0,"u_rt_tags":["抱图留名","抱图留名","抱图留名","长图","长图","长图","摄影","摄影","摄影","摄影","摄影"],"u_gender":"3","u_light_items":["30bdf7cc_2b5bb186c","74788c34_2b599f8ac","31d6196b_2b540639d","1ff5e6ec_2b5019143","73c3b93a_2b472adfc","740e9f35_2b5b9c2a0"],"u_prefer_tags_60d":{"哈利波特":0.00235,"188男团":0.19107,"唯有美食与爱不可辜负":0.0045,"音乐":0.02955},"u_prefer_tags_10d":{"188男团":0.19107},"u_prefer_tags_30d":{"188男团":0.19107,"音乐":0.02953},"u_fr_clk_num_7d":0.4,"u_rt_blogs":["494493625","817756108","1276230807","817756108","1954057268","836114795","536209132","507096214","1942206778","1947115317","521693730","521448492","523350742","816293987","1265714166","817756108","1949637509","1276230807","836842491","141007"],"u_high_items":["1d795fb9_2b5875018","30bdf7cc_2b5bb496a","4c11bc97_2b5fe9175","1e39ac96_2b5b3e40a","1f186a22_2b571ab83","1f14ac2c_2b5bbfe42","1f31b2d6_2b57573a9","30a7a863_2b46f16e0"],"u_rt_firsttags":["188男团","音乐","美女","音乐","网易知识公路","阴阳师","阴阳师","决战平安京","国风手艺人","阴阳师","n+1摄影课堂","原创","哈利波特","哈利波特","小姐姐","阴阳师","反艾玛沃特森","女神","爱豆非粉存图","365天拍猫计划"],"o_hour":"14","u_high_items_tags":["188男团,原顾,针锋对决","音乐,大天蓬(弹唱片段),璐爷","美女,女神,人像,写真,摄影","决战平安京,阴阳师,面灵气","n+1摄影课堂,光影,人像,数码","原创,晚安,漫画,条漫","哈利波特,汤姆里德尔,伏地魔,伏纳,纳吉尼","哈利波特,harry potter,小天狼星,小天狼星布莱克,小天狼星·布莱克"],"u_rt_itags_set":["美食","小天狼星布莱克","身边的外星人","萌宠","网易知识公路","麓鸣大岳丸","n+1摄影课堂","汤姆里德尔","伏纳","饺子皮","大岳丸","铃鹿御前","阿修罗","数码","小天狼星·布莱克","青禾计划","阴阳师手游","纳吉尼","摄影","健康饮食","针锋对决","宫脇咲良","小天狼星","璐爷","美女","小姐姐","猫","写真","沙琪玛","大天蓬(弹唱片段)","音乐","阴阳师","反艾玛沃特森","365天拍猫计划","高宇slient/0000ff/sapling/b","国风手艺人","哈利波特","原顾","次元心动剧场","玉藻前","女神","伏地魔","炼狱茨木童子","丸次方","光影","宠物","故宫的猫","人文圆桌会","女生头像","动物","酒吞童子","猫咪","原创","宠物摄影","人像","童缘","决战平安京","小吃","童岳","晚安","朋友圈","条漫","188男团","面灵气","harry potter","缘结神","爱豆非粉存图","国风拟人剧场","手工","鬼童丸","中餐制作","漫画"],"u_follow_blogs":["865545","1278923453","816143531","817108772","529794308","2222134","640144","1286079154","4506200","528859684","1262358303","815240755","491737701","507096214","1275439402","540429446","518549209","538863020","524100360","533052284","539142041","494493625","487799635","520352706","816293987","1281786657","1281548331","141007","823274591","525772295","1285352520","824738814","536377252","514204742","834167128","1444854","520532838","823051887","814953457","817804379","833979472","1882490","529578359","1294099022","536166276","834111939","815722216","1280115252","504329334","1272215085","486648827"],"u_fr_rec_num_7d":1.2,"u_p_tags_wake":{},"u_tags":["穿搭","摄影","美食","防弹少年团","这部电影值得二刷","剪辑","唯有美食与爱不可辜负","插画 水彩","插画师","偷偷在心里放烟花","手写","【all黄】","哈利波特","辉夜大小姐想让我告白","阿修罗","音乐","孤剑x曦月","光遇","龙卡","光遇oc","蔡徐坤x你","翟潇闻益起发光","cosplay"],"u_light_items_tags":["音乐,朋友圈,高宇slient/0000ff/sapling/b","网易知识公路,美食,健康饮食,小吃,沙琪玛,饺子皮,中餐制作","阴阳师,大岳丸,鬼童丸,丸次方,童岳,酒吞童子,玉藻前","阴阳师,铃鹿御前,阿修罗,炼狱茨木童子,麓鸣大岳丸","国风手艺人,国风拟人剧场,人文圆桌会,手工","阴阳师,鬼童丸,童缘,缘结神,阴阳师手游,次元心动剧场"],"user_id":"1957197063","u_p_tags_long":{"摄影":0.09759,"宠物":0.1087,"萌宠":0.11521,"祺管严":0.05339,"源翔":0.0459,"all严":0.0634,"猫":0.13469,"霖翔":0.04765,"阴阳师":0.10835,"音乐":0.05309,"银河系闪耀星":0.04953,"浩瀚鑫空":0.05139,"哈利波特":0.04953,"杭州":0.12657,"喵星人":0.12433},"u_prefer_tags_3d":{"188男团":0.14838},"u_prefer_tags_180d":{"哈利波特":0.00235,"188男团":0.19107,"唯有美食与爱不可辜负":0.0045,"音乐":0.02955},"u_rt_itags_kv":{"女神":0.2773,"美食":0.1386,"摄影":0.3219,"哈利波特":0.2197,"鬼童丸":0.2197,"美女":0.2197,"写真":0.2197,"人像":0.2773,"音乐":0.2197,"阴阳师":0.3584},"u_p_tags_short":{"188男团":0.58196}},"item":{"74df9cfb_2b6091ac5":{"i_hot":4606.78469,"i_fr_negr_7d":4.5E-4,"o_alg":"SESSION_ALL_I2I_FEEDREC","c_u_prefer_tags_wake_i_first_tag":0.0,"i_fr_click_count_1d":0.28156,"i_lf_neg_count_1d":0.03466,"i_lf_click_count_1d":0.36472,"i_lf_exposed_count_1d":0.44664,"i_lf_cost_time_1d":0.46246,"c_u_prefer_tags_long_i_first_tag":0.0,"c_u_prefer_tags_short_i_first_tag":0.58196,"i_fr_cvr_1d":0.03812,"i_title":[""],"i_fr_negr_3d":7.7E-4,"c_u_prefer_tags_60d_i_first_tag":0.19107,"i_fr_exposed_count_1d":0.36908,"c_u_prefer_tags_10d_i_tags":0.19107,"c_u_prefer_tags_3d_i_first_tag":0.14838,"c_u_prefer_tags_10d_i_first_tag":0.19107,"c_firsttag_in_utags":0,"i_like_num":0.27556,"i_up_num":0.1872,"i_lf_inter_count_1d":0.27506,"i_fr_cost_time_7d":0.45217,"i_tags":["188男团","原炀","针锋对决","原顾","顾青裴","谁把谁当真","妹叔","赵锦辛","黎朔"],"i_first_tag":"188男团","c_u_prefer_tags_180d_i_tags":0.19107,"c_u_prefer_tags_60d_i_tags":0.19107,"i_fr_cost_time_3d":0.45245,"i_reblog_num":0.00339,"i_fr_neg_count_7d":0.08959,"i_rt_exposed_count":0.3985,"c_u_prefer_tags_180d_i_first_tag":0.19107,"i_fr_neg_count_3d":0.08047,"i_fr_inter_count_3d":0.27424,"i_fr_ctr_1d":0.16598,"i_comment_num":0.09379,"c_u_prefer_tags_long_i_tags":0.0,"c_itags_u_rt_itags":0.0,"i_fr_inter_count_7d":0.31133,"i_fr_cvr_3d":0.0458,"artice_type_in_user_action_types":0.9999999999999998,"i_fr_cvr_7d":0.04499,"i_fr_click_count_7d":0.38091,"c_u_prefer_tags_30d_i_first_tag":0.19107,"i_lf_exposed_count_3d":0.50546,"i_fr_click_count_3d":0.34298,"c_u_prefer_tags_short_i_tags":0.58196,"i_lf_exposed_count_7d":0.54408,"c_firsttag_in_u_rt_tags":0,"i_rt_click_count":0.31522,"c_itags_utags":0.0,"i_mul_pic":0.0,"i_lf_cost_time_3d":0.4607,"i_blog_id":"832320333","i_create_time_days":58.0,"i_rt_ctr":0.18416,"i_lf_click_count_3d":0.42263,"c_firsttag_in_u_rt_itags":0.0,"i_pic_num":0.03466,"i_fr_negr_1d":6.2E-4,"i_lf_click_count_7d":0.46065,"i_fr_exposed_count_3d":0.42746,"i_fr_exposed_count_7d":0.46595,"c_blog_in_u_fblogs":0,"item_id":"1ff71170_2b595ed7f","i_fr_cost_time_1d":0.44668,"c_u_prefer_tags_3d_i_tags":0.14838,"i_lf_inter_count_7d":0.36596,"i_lf_neg_count_7d":0.08959,"i_lf_cost_time_7d":0.46024,"i_article_type":"2","i_lf_neg_count_3d":0.08047,"i_lf_inter_count_3d":0.32999,"i_fr_ctr_7d":0.18131,"c_u_prefer_tags_wake_i_tags":0.0,"i_fr_ctr_3d":0.18187,"i_fr_inter_count_1d":0.20872,"c_u_prefer_tags_30d_i_tags":0.19107,"i_fr_neg_count_1d":0.03466,"c_itags_u_rt_tags":0.0}}}